date,rank,title,daily_admission,total_admission,showtimes
2023-11-05,1,Saranjana: Kota Ghaib,200770,700889,15860
2023-11-05,2,Kultus Iblis,137096,180145,5132
2023-11-05,3,Budi Pekerti,134024,165461,4825
2023-11-05,4,Five Nights at Freddy's,115200,421737,15297
2023-11-05,5,Di Ambang Kematian,103591,3281581,58256
2023-11-05,6,Indigo,103330,928090,26122
2023-11-05,7,Pamali: Dusun Pocong,79017,1543702,34860
2023-11-05,8,Freelance,52778,145666,9338
2023-11-05,9,Taylor Swift: The Eras Tour,52232,192535,3169
2023-11-05,10,Killers of The Flower Moon,47634,178997,8043
2023-11-05,11,Petualangan Sherina 2,31875,2405516,54231
2023-11-05,12,Fear The Night,4861,29598,2683
2023-11-05,13,Mohon Doa Restu,4418,98547,5790
2023-11-05,14,Love Reset <30 Days>,4218,17432,0
2023-11-05,15,Nona Manis Sayange,3925,8270,765
2023-11-05,16,Air Mata Di Ujung Sajadah,1928,3126326,58452
2023-11-05,17,The Creator,1127,305581,9906
2023-11-05,18,A Haunting in Venice,378,432377,13546
2023-11-05,19,The Exorcist: Believer,93,491296,19067
2023-11-06,1,Fear The Night,4613,34211,3176
2023-11-06,2,Love Reset <30 Days>,2715,20147,0
2023-11-07,1,Fear The Night,3660,37871,3498
2023-11-07,2,Love Reset <30 Days>,2515,22662,0
2023-11-08,1,Love Reset <30 Days>,1617,24279,0
2023-11-08,2,Fear The Night,252,38123,3534
2023-11-09,1,Saranjana: Kota Ghaib,207110,907999,20946
2023-11-09,2,Budi Pekerti,146755,312216,10100
2023-11-09,3,Sijjin,106112,106112,1492
2023-11-09,4,Kultus Iblis,103331,283476,9459
2023-11-09,5,Indigo,67928,996018,28743
2023-11-09,6,Pamali: Dusun Pocong,43930,1587632,36335
2023-11-09,7,Di Ambang Kematian,18444,3300025,59576
2023-11-09,8,Petualangan Sherina 2,8417,2413933,54756
2023-11-09,9,Air Mata Di Ujung Sajadah,1345,3127671,58480
2023-11-09,10,Nona Manis Sayange,707,8977,900
2023-11-12,1,The Marvels,1371436,1371436,24248
2023-11-12,2,Sijjin,476180,582292,9986
2023-11-12,3,Saranjana: Kota Ghaib,139001,1047000,23441
2023-11-12,4,Budi Pekerti,98369,410585,12514
2023-11-12,5,Aku Rindu,26235,26235,740
2023-11-12,6,Five Nights at Freddy's,17887,439624,17493
2023-11-12,7,Pamali: Dusun Pocong,14629,1602261,36500
2023-11-12,8,Kultus Iblis,14408,297884,10143
2023-11-12,9,Indigo,12384,1008402,28995
2023-11-12,10,Petualangan Sherina 2,571,2414504,54767
2023-11-12,11,A Haunting in Venice,235,432612,13557
2023-11-12,12,Air Mata Di Ujung Sajadah,190,3127861,58480
2023-11-12,13,The Exorcist: Believer,90,491386,19067
2023-11-13,1,Sijjin,130711,713003,12947
2023-11-13,2,Saranjana: Kota Ghaib,40997,1087997,24323
2023-11-13,3,Budi Pekerti,23262,433847,13423
2023-11-14,1,The Marvels,217609,1589045,33613
2023-11-14,2,Sijjin,120745,833748,16128
2023-11-14,3,Saranjana: Kota Ghaib,21372,1109369,25128
2023-11-14,4,Budi Pekerti,21269,455116,14252
2023-11-14,5,Kultus Iblis,4004,301888,10418
2023-11-15,1,Sijjin,108185,941933,18992
2023-11-15,2,The Marvels,66930,1655975,36960
2023-11-15,3,The Hunger Games: The Ballad of Songbirds & Snakes,53762,53762,0
2023-11-15,4,Saranjana: Kota Ghaib,25740,1135109,25775
2023-11-15,5,Budi Pekerti,18262,473378,14918
2023-11-15,6,Past Lives,1611,1611,186
2023-11-15,7,Kultus Iblis,668,302556,10495
2024-03-28,1,Godzilla x Kong: The New Empire,169608,337810,8611
2024-03-28,2,Ronggeng Kematian,39969,39969,1218
2024-03-28,3,Para Betina Pengikut Iblis Part 2,7777,7777,1136
2024-03-28,4,Keluar Main 1994,3186,3186,354
2024-03-29,1,Godzilla x Kong: The New Empire,250159,587969,13561
2024-03-29,2,Ronggeng Kematian,22765,62734,2628
2024-03-29,3,Para Betina Pengikut Iblis Part 2,3894,11671,1680
2024-03-29,4,Keluar Main 1994,1885,5071,602
2024-06-30,1,Inside Out 2,528880,1764123,38047
2024-06-30,2,A Quiet Place: Day One,387670,563690,12894
2024-06-30,3,Sengkolo Malam Satu Suro,115123,452067,11855
2024-06-30,4,How To Make Millions Before Grandma Dies,82311,3350000,65154
2024-06-30,5,Bad Boys: Ride or Die,58197,745757,28571
2024-06-30,6,Twilight of the Warriors: Walled In,50983,114229,3478
2024-06-30,7,Si Juki the Movie: Harta Pulau Monyet,47459,171134,4445
2024-06-30,8,Marni: The Story of Wewe Gombel,40484,216899,454
2024-06-30,9,Lafran,30000,30000,1150
2024-06-30,10,Dilan Wo Ai Ni,10486,176456,8681
2024-06-30,11,The Bikeriders,8375,9214,1151
2024-06-30,12,The Last Breath,4625,6218,525
2024-07-01,1,Si Juki the Movie: Harta Pulau Monyet,37197,208331,5538
2024-07-01,2,Marni: The Story of Wewe Gombel,35629,252528,564
2024-07-02,1,Si Juki the Movie: Harta Pulau Monyet,33151,241482,6642
2024-07-03,1,Marni: The Story of Wewe Gombel,73234,325762,815
2024-07-03,2,Sengkolo Malam Satu Suro,48396,500463,13267
2024-07-03,3,Si Juki the Movie: Harta Pulau Monyet,28074,269556,7459
2024-07-03,4,Winnie The Pooh: Blood and Honey 2,644,644,85
2025-03-02,1,Legends of the Condor Heroes: The Gallants,43424,123502,5185
2025-03-02,2,Petaka Gunung Gede,37682,2786594,52997
2025-03-02,3,Conclave,31326,103143,5458
2025-03-02,4,Captain America: Brave New World,30757,1549479,38216
2025-03-02,5,Iblis Dalam Kandungan 2: Deception,15334,106983,3440
2025-03-02,6,Interstellar (2025 Re-Release),13863,52387,314
2025-03-02,7,Pernikahan Arwah (The Butterfly House),7851,33051,1165
2025-03-02,8,Perayaan Mati Rasa,4934,1344894,31015
2025-03-02,9,Anak Kunti,3625,277368,9436
2025-03-02,10,ATTACK ON TITAN: THE LAST ATTACK,3085,189665,1186
2025-03-02,11,Pengantin Iblis,2591,667924,13734
2025-03-02,12,Cleaner,2170,69483,7085
2025-03-02,13,Jagal Teluh,1711,30184,1398
2025-03-02,14,Cinta Tak Pernah Tepat Waktu,1503,147535,6439
2025-03-02,15,1 Kakak 7 Ponakan,1294,1233083,31836
2025-03-02,16,You Are The Apple of My Eye,826,39919,3269
2025-03-02,17,The Unbreakable Boy,801,3258,808
2025-03-02,18,A Complete Unknown,514,2529,396
2025-03-02,19,IVE The 1st World Tour in Cinema,232,1374,7
2025-03-02,20,Samawa,213,4170,639
2025-03-03,1,Petaka Gunung Gede,29571,2816165,54187
2025-03-03,2,Legends of the Condor Heroes: The Gallants,19376,142878,6218
2025-03-03,3,Conclave,16638,119781,6417
2025-03-03,4,Iblis Dalam Kandungan 2: Deception,14489,121472,4392
2025-03-03,5,Captain America: Brave New World,14169,1563648,39020
2025-03-03,6,Interstellar (2025 Re-Release),9379,61766,367
2025-03-03,7,Pernikahan Arwah (The Butterfly House),4306,37357,1411
2025-03-03,8,Perayaan Mati Rasa,3932,1348826,31196
2025-03-03,9,Anak Kunti,1689,279057,9700
2025-03-03,10,ATTACK ON TITAN: THE LAST ATTACK,1529,191194,1195
2025-03-03,11,Cinta Tak Pernah Tepat Waktu,1483,149018,6545
2025-03-03,12,Jagal Teluh,916,31100,1573
2025-03-03,13,1 Kakak 7 Ponakan,825,1233908,31931
2025-03-03,14,Cleaner,743,70226,7237
2025-03-03,15,You Are The Apple of My Eye,274,40193,3311
2025-03-04,1,Petaka Gunung Gede,23543,2839708,55353
2025-03-04,2,Legends of the Condor Heroes: The Gallants,14173,157051,7216
2025-03-04,3,Conclave,12679,132460,7315
2025-03-04,4,Iblis Dalam Kandungan 2: Deception,11998,133470,5225
2025-03-04,5,Captain America: Brave New World,10785,1574433,39829
2025-03-04,6,Interstellar (2025 Re-Release),7904,69670,421
2025-03-04,7,Pernikahan Arwah (The Butterfly House),5277,42634,1581
2025-03-04,8,Perayaan Mati Rasa,2446,1351272,31394
2025-03-04,9,Anak Kunti,1416,280473,9939
2025-03-04,10,ATTACK ON TITAN: THE LAST ATTACK,1308,192502,1246
2025-03-04,11,You Are The Apple of My Eye,850,41043,3498
2025-03-04,12,Cinta Tak Pernah Tepat Waktu,806,149824,6634
2025-03-04,13,1 Kakak 7 Ponakan,659,1234567,32024
2025-03-04,14,Cleaner,618,70844,7373
2025-03-04,15,Jagal Teluh,534,31634,1706
2025-05-01,1,Jumbo,335236,8172009,59854
2025-05-01,2,Thunderbolts*,218881,395034,3365
2025-05-01,3,Pengepungan di Bukit Duri,103253,1474004,17033
2025-05-01,4,Penjagal Iblis Dosa Turunan,70200,128929,1447
2025-05-01,5,Mendadak Dangdut,49797,116447,1173
2025-05-01,6,Perang Kota,32298,72659,1650
2025-05-01,7,Anak Medan: Cocok Ko Rasa???,10844,74609,917
2025-05-01,8,Komang,10646,2926386,30595
2025-05-01,9,Pabrik Gula,9157,4691454,8411
2025-05-01,10,Rumah Untuk Alie,6406,519638,8701
2025-05-01,11,The Accountant 2,5631,133331,3647
2025-05-01,12,Until Dawn,4101,84136,3779
2025-05-01,13,Panor,1424,2309,76
2025-05-01,14,Raid 2,503,503,13
2025-05-01,15,Muslihat,413,174120,3273
2025-05-02,1,Jumbo,122198,8294207,61483
2025-05-02,2,Thunderbolts*,97210,492244,5054
2025-05-02,3,Pengepungan di Bukit Duri,54154,1528158,17998
2025-05-02,4,Penjagal Iblis Dosa Turunan,42517,171446,2142
2025-05-02,5,Mendadak Dangdut,35088,151535,1652
2025-05-02,6,Perang Kota,14513,87172,2274
2025-05-02,7,Pabrik Gula,6357,4697811,8411
2025-05-02,8,Komang,5165,2931551,30760
2025-05-02,9,Anak Medan: Cocok Ko Rasa???,3687,78296,973
2025-05-02,10,Rumah Untuk Alie,3388,523026,8777
2025-05-02,11,The Accountant 2,2227,135558,3727
2025-05-02,12,Until Dawn,1447,85583,3850
2025-05-02,13,Somebody,1053,1053,241
2025-05-02,14,Panor,444,2753,90
2025-05-02,15,Raid 2,269,772,25
2025-05-03,1,Jumbo,195431,8489638,63722
2025-05-03,2,Thunderbolts*,157817,650061,6756
2025-05-03,3,Pengepungan di Bukit Duri,62624,1590782,18974
2025-05-03,4,Penjagal Iblis Dosa Turunan,37181,208627,2823
2025-05-03,5,Mendadak Dangdut,19886,171421,2067
2025-05-03,6,Perang Kota,14531,101703,2702
2025-05-03,7,Komang,9884,2941435,30906
2025-05-03,8,Anak Medan: Cocok Ko Rasa???,5157,83453,1034
2025-05-03,9,Pabrik Gula,4834,4702645,8411
2025-05-03,10,Mangku Pocong,4743,96000,2260
2025-05-04,1,Jumbo,200038,8689676,66046
2025-05-04,2,Thunderbolts*,117629,767690,8540
2025-05-04,3,Pengepungan di Bukit Duri,55362,1646144,19954
2025-05-04,4,Penjagal Iblis Dosa Turunan,42572,251199,3506
2025-05-04,5,Mendadak Dangdut,22704,194125,2380
2025-05-04,6,Perang Kota,12316,114019,3071
2025-05-04,7,Komang,9877,2951312,31062
2025-05-04,8,Anak Medan: Cocok Ko Rasa???,7944,91397,1096
2025-05-04,9,Pabrik Gula,4770,4707415,8411
2025-05-04,10,Rumah Untuk Alie,3278,529516,8906
2025-05-04,11,The Accountant 2,3162,142707,3878
2025-05-04,12,Until Dawn,2252,90328,3995
2025-05-04,13,Raid 2,436,1760,55
2025-05-04,14,Somebody,396,2339,346
2025-05-04,15,Panor,347,3402,106
2025-05-05,1,Jumbo,86724,8776400,68291
2025-05-05,2,Thunderbolts*,67020,834710,10320
2025-05-05,3,Pengepungan di Bukit Duri,37462,1683606,20928
2025-05-05,4,Penjagal Iblis Dosa Turunan,28956,280155,4259
2025-05-05,5,Mendadak Dangdut,22566,216691,2678
2025-05-05,6,Komang,6088,2957400,31228
2025-05-05,7,Rumah Untuk Alie,6027,535543,8969
2025-05-05,8,Perang Kota,4348,118367,3401
2025-05-05,9,Pabrik Gula,3479,4710894,8411
2025-05-05,10,Anak Medan: Cocok Ko Rasa???,3164,94561,1162
2025-05-05,11,The Accountant 2,1286,143993,3961
2025-05-05,12,Until Dawn,1029,91357,4077
2025-05-05,13,Raid 2,249,2009,70
2025-05-05,14,Somebody,218,2557,372
2025-05-05,15,Panor,166,3568,112
2025-06-28,1,Jalan Pulang,129310,1549679,26249
2025-06-28,2,How To Train Your Dragon,61806,1258565,27565
2025-06-28,3,F1 The Movie,55363,217758,4602
2025-06-28,4,Jodoh 3 Bujang,39591,144716,3209
2025-06-28,5,Ejen Ali: The Movie 2,32257,81644,1144
2025-06-28,6,Lorong Kost,15976,47809,1126
2025-06-28,7,M3GAN 2.0,9556,53459,3146
2025-06-28,8,GJLS: Ibuku Ibu Ibu,8584,572624,11947
2025-06-28,9,Elio,7492,149648,6592
2025-06-28,10,Tak Ingin Usai Di Sini,5767,495987,12023
2025-06-28,11,28 Years Later,5681,166226,6393
2025-06-28,12,Mission: Impossible - The Final Reckoning,4009,2473139,43628
2025-06-28,13,Ballerina,3221,608525,17994
2025-06-28,14,Gaza,2107,141387,3854
2025-06-28,15,Keluarga Super Irit,1846,128690,5394
2025-06-28,16,Rabi Jiwo,1425,7417,673
2025-06-28,17,Noise,1176,4872,609
2025-06-28,18,Lilo & Stitch,1103,909641,22162
2025-06-28,19,Warkop DKI Kartun,570,10408,1419
2025-06-28,20,Maa,300,600,32
2025-06-28,21,Dangerous Animals,259,1546,129
2025-06-29,1,Jalan Pulang,132577,1682256,28463
2025-06-29,2,How To Train Your Dragon,52846,1311411,28735
2025-06-29,3,F1 The Movie,46078,263836,5844
2025-06-29,4,Jodoh 3 Bujang,35399,180115,4178
2025-06-29,5,Ejen Ali: The Movie 2,30972,112616,1934
2025-06-29,6,Lorong Kost,16846,64655,1522
2025-06-29,7,Jumbo,10592,10193128,100363
2025-06-29,8,GJLS: Ibuku Ibu Ibu,7884,580508,12176
2025-06-29,9,M3GAN 2.0,7842,61301,3613
2025-06-29,10,Warkop DKI Kartun,6294,16702,1646
2025-06-29,11,Elio,5436,155084,6820
2025-06-29,12,28 Years Later,4470,170696,6569
2025-06-29,13,Mission: Impossible - The Final Reckoning,3365,2476504,43718
2025-06-29,14,Tak Ingin Usai Di Sini,3050,499037,12120
2025-06-29,15,Ballerina,2919,611444,18068
2025-06-29,16,Keluarga Super Irit,1871,130561,5461
2025-06-29,17,Rabi Jiwo,1649,9066,786
2025-06-29,18,Noise,1616,6488,734
2025-06-29,19,Gaza,1615,143002,3870
2025-06-29,20,Lilo & Stitch,959,910600,22217
2025-06-29,21,Maa,300,900,52
2025-06-29,22,Dangerous Animals,150,1696,147
2025-07-10,1,Superman,128165,304165,4173
2025-07-10,2,Jurassic World: Rebirth,91722,1741607,21674
2025-07-10,3,Jalan Pulang,44738,2583567,46250
2025-07-10,4,Sore Istri Dari Masa Depan,44090,44090,549
2025-07-10,5,Selepas Tahlil,32898,32898,666
2025-07-10,6,Jodoh 3 Bujang,13631,473130,9803
2025-07-10,7,Hotel Sakura,11377,11377,412
2025-07-10,8,Narik Sukmo,8911,150494,4177
2025-07-10,9,Ejen Ali: The Movie 2,7732,314249,6484
2025-07-10,10,F1 The Movie,5802,468091,11477
2025-07-11,1,Superman,125211,429376,6153
2025-07-11,2,Jurassic World: Rebirth,82011,1823618,23143
2025-07-11,3,Sore Istri Dari Masa Depan,47200,91290,1207
2025-07-11,4,Jalan Pulang,39412,2622979,47234
2025-07-11,5,Selepas Tahlil,28804,61702,1462
2025-07-11,6,Jodoh 3 Bujang,12585,485715,10065
2025-07-11,7,Ejen Ali: The Movie 2,6824,321073,6655
2025-07-11,8,F1 The Movie,6032,474123,11616
2025-07-11,9,Hotel Sakura,5134,16511,796
2025-07-11,10,Narik Sukmo,4038,154532,4374
2025-07-11,11,BTS MAP OF THE SOUL ON:E (HYBE CINE FEST IN ASIA 2025),3354,8467,0
2025-07-11,12,ENHYPEN WORLD TOUR [FATE] (HYBE CINE FEST IN ASIA 2025),2674,7017,0
2025-07-11,13,SEVENTEEN WORLD TOUR [BE THE SUN] (HYBE CINE FEST IN ASIA 2025),2374,5074,0
2025-07-11,14,How To Train Your Dragon,2000,1455294,33469
2025-07-11,15,Karunrung 1995,1040,4135,155
2025-07-11,16,HYBE CINEMA NORAEBANG (HYBE CINE FEST IN ASIA 2025),924,2942,0
2025-07-11,17,Agen +62,823,66139,2585
2025-07-11,18,TOMORROW X TOGETHER WORLD TOUR [ACT : SWEET MIRAGE] (HYBE CINE FEST IN ASIA 2025),790,2050,0
2025-07-11,19,Nintama Rantaro: Invincible Master of the Dokutake Ninja,82,280,2
2025-07-12,1,Superman,212778,642154,8176
2025-07-12,2,Jurassic World: Rebirth,142923,1966541,24697
2025-07-12,3,Sore Istri Dari Masa Depan,88395,179685,1967
2025-07-12,4,Jalan Pulang,52175,2675154,48247
2025-07-12,5,Selepas Tahlil,35548,97250,2303
2025-07-12,6,Jodoh 3 Bujang,15030,500745,10287
2025-07-12,7,Ejen Ali: The Movie 2,12195,333268,6844
2025-07-12,8,Narik Sukmo,11218,165750,4540
2025-07-12,9,F1 The Movie,9306,483429,11753
2025-07-12,10,SEVENTEEN WORLD TOUR [BE THE SUN] (HYBE CINE FEST IN ASIA 2025),5168,10242,0
2025-07-15,1,Sore Istri Dari Masa Depan,127168,522206,5242
2025-07-15,2,Superman,69939,941728,14454
2025-07-15,3,Jurassic World: Rebirth,34140,2157039,29023
2025-07-15,4,Jalan Pulang,20987,2776505,50861
2025-07-15,5,Selepas Tahlil,14609,156975,4419
2025-07-15,6,Narik Sukmo,6198,188090,5108
2025-07-15,7,Jodoh 3 Bujang,4340,525397,10971
2025-07-15,8,F1 The Movie,1909,496840,12152
2025-07-15,9,Ejen Ali: The Movie 2,1469,343851,7199
2025-07-15,10,Hotel Sakura,1071,27106,1462
2025-07-16,1,Sore Istri Dari Masa Depan,146205,668411,6795
2025-07-16,2,Superman,53837,995565,16009
2025-07-16,3,Jurassic World: Rebirth,29989,2187028,29967
2025-07-16,4,Jalan Pulang,14364,2790869,51464
2025-07-16,5,I Know What You Did Last Summer,11200,11200,831
2025-07-16,6,Selepas Tahlil,10829,167804,4877
2025-07-16,7,Narik Sukmo,4699,192789,5311
2025-07-16,8,Jodoh 3 Bujang,4556,529953,11106
2025-07-16,9,Doraemon The Movie: Nobitas Art World Tales,4427,4427,110
2025-07-16,10,F1 The Movie,1657,498497,12258
2025-07-16,11,Hotel Sakura,606,27712,1501
2025-07-16,12,Ejen Ali: The Movie 2,599,344450,7217
2025-07-16,13,How To Train Your Dragon,413,1462720,33758
2025-07-16,14,"Sorry, Baby",180,180,7
2025-07-17,1,Sore Istri Dari Masa Depan,145116,813527,8293
2025-07-17,2,Kitab Sijjin & Illiyyin,82642,82642,1267
2025-07-17,3,Assalamualaikum Baitullah,54801,54801,1030
2025-07-17,4,Superman,49919,1045484,17128
2025-07-17,5,Jurassic World: Rebirth,24931,2211959,30481
2025-07-17,6,Gerbang Setan,6666,6666,322
2025-07-17,7,I Know What You Did Last Summer,5628,16828,1304
2025-07-17,8,Selepas Tahlil,5396,173200,5076
2025-07-17,9,Jalan Pulang,4910,2795779,51765
2025-07-17,10,Narik Sukmo,3063,195852,5446
2025-07-17,11,Jodoh 3 Bujang,2643,532596,11183
2025-07-17,12,Doraemon The Movie: Nobitas Art World Tales,2547,6974,147
2025-07-17,13,Arti Cinta,2453,2453,460
2025-07-17,14,Jumbo,2378,10197790,100676
2025-07-17,15,F1 The Movie,1534,500031,12329
2025-07-17,16,"Sorry, Baby",86,266,15
2025-09-01,1,Pencarian Terakhir,30036,230115,8307
2025-09-01,2,Demon Slayer -Kimetsu No Yaiba- The Movie: Infinity Castle,16614,2392464,38007
2025-09-01,3,"La Tahzan: Cinta, Dosa, Luka...",15207,815776,19522
2025-09-01,4,The Shadows Edge,14724,529752,15027
2025-09-01,5,Labinak,9259,342038,12480
2025-09-01,6,Weapons,6582,1011257,24138
2025-09-01,7,Dracula: A Love Tale,5794,34512,3201
2025-09-01,8,Panggil Aku Ayah,3854,858731,26289
2025-09-01,9,Lebih Dari Selamanya,2364,27493,2924
2025-09-01,10,Materialists,1174,63873,3903
2025-09-02,1,Pencarian Terakhir,28031,258146,10034
2025-09-02,2,"La Tahzan: Cinta, Dosa, Luka...",20422,836198,20378
2025-09-02,3,Demon Slayer -Kimetsu No Yaiba- The Movie: Infinity Castle,18324,2410788,39192
2025-09-02,4,The Shadows Edge,17222,546974,16024
2025-09-02,5,Labinak,9380,351418,13168
2025-09-02,6,Weapons,8744,1020001,24520
2025-09-02,7,Dracula: A Love Tale,6020,40532,3910
2025-09-02,8,Panggil Aku Ayah,4333,863064,26649
2025-09-02,9,Lebih Dari Selamanya,3111,30604,3221
2025-09-02,10,Materialists,1391,65264,4060
2025-09-02,11,Tinggal Meninggal,1018,180695,7176
2025-09-02,12,Relay,777,14030,2144
2025-09-02,13,Grave of The Fireflies,739,11869,1458
2025-09-02,14,Panji Tengkorak,730,19792,3181
2025-09-02,15,Sore Istri Dari Masa Depan,595,3081680,45320
2025-09-02,16,Sihir Pelakor,387,665070,18645
2025-09-02,17,Jaws,302,1969,137
2025-09-02,18,Princess Mononoke,261,4953,439
2025-09-02,19,Siapa Dia,199,7176,841
2025-09-02,20,Param Sundari,151,1059,93
2025-09-02,21,My Daughter is A Zombie,136,165217,6461
2025-09-02,22,Together,125,12855,1682
2025-09-02,23,My Beloved Stranger,44,1114,254
2025-09-03,1,The Conjuring: Last Rites,322000,322000,3665
2025-09-03,2,Pencarian Terakhir,23929,282075,11724
2025-09-03,3,Pamali: Tumbal,21715,367103,9273
2025-09-03,4,"La Tahzan: Cinta, Dosa, Luka...",12901,849099,21186
2025-09-03,5,The Shadows Edge,12458,559432,16731
2025-09-03,6,Demon Slayer -Kimetsu No Yaiba- The Movie: Infinity Castle,10240,2421028,39840
2025-09-03,7,Labinak,6928,358346,13716
2025-09-03,8,Dracula: A Love Tale,3914,44446,4455
2025-09-03,9,Weapons,3405,1023406,24739
2025-09-03,10,Panggil Aku Ayah,3097,866161,26892
2025-09-03,11,Materialists,884,66148,4147
2025-09-03,12,Lebih Dari Selamanya,708,31312,3401
2025-09-03,13,Tinggal Meninggal,641,181336,7246
2025-09-03,14,Grave of The Fireflies,499,12368,1587
2025-09-03,15,Relay,415,14445,2206
2025-09-03,16,Sore Istri Dari Masa Depan,399,3082079,45359
2025-09-03,17,Panji Tengkorak,305,20097,3266
2025-09-03,18,Siapa Dia,286,7462,893
2025-09-03,19,Princess Mononoke,81,5034,461
2025-09-04,1,The Conjuring: Last Rites,328000,650000,8390
2025-09-04,2,Andai Ibu Tidak Menikah Dengan Ayah,75529,75529,1836
2025-09-04,3,Menjelang Magrib 2: Wanita Yang Di Rantai,20839,20839,844
2025-09-04,4,Pencarian Terakhir,17946,300021,12858
2025-09-04,5,The Shadows Edge,11970,571402,17062
2025-09-04,6,Demon Slayer -Kimetsu No Yaiba- The Movie: Infinity Castle,7500,2428528,40083
2025-09-04,7,"La Tahzan: Cinta, Dosa, Luka...",5518,854617,21474
2025-09-04,8,Agape The Unconditional Love,2337,2337,393
2025-09-04,9,Dracula: A Love Tale,1285,45731,4555
2025-09-04,10,Labinak,1175,359521,13839
2025-09-04,11,Panggil Aku Ayah,1030,867191,26953
2025-09-04,12,Materialists,975,67123,4191
2025-09-04,13,Weapons,541,1023947,24759
2025-09-04,14,Grave of The Fireflies,345,12713,1626
2025-09-05,1,The Conjuring: Last Rites,529000,1179000,13625
2025-09-05,2,Andai Ibu Tidak Menikah Dengan Ayah,76970,152499,3671
2025-09-05,3,Menjelang Magrib 2: Wanita Yang Di Rantai,30680,51519,1663
2025-09-05,4,Pencarian Terakhir,27340,327361,13678
2025-09-05,5,The Shadows Edge,26382,597784,17355
2025-09-05,6,Demon Slayer -Kimetsu No Yaiba- The Movie: Infinity Castle,15746,2444274,40285
2025-09-05,7,Jujutsu Kaisen: Hidden Inventory/Premature Death - The Movie,13879,13879,431
2025-09-05,8,"La Tahzan: Cinta, Dosa, Luka...",7689,862306,21665
2025-09-05,9,Agape The Unconditional Love,2717,5054,601
2025-09-05,10,Dracula: A Love Tale,2573,48304,4624
2025-09-05,11,Materialists,2449,69572,4230
2025-09-05,12,Grave of The Fireflies,856,13569,1659
2025-09-05,13,Mocca: Life In Bloom,52,226,105
